Data Source,World Development Indicators,,,,,,,,,,,,,
,,,,,,,,,,,,,,
Last Updated Date,08-04-2026,,,,,,,,,,,,,
,,,,,,,,,,,,,,
Country Name,Country Code,Indicator Name,Indicator Code,2015,2016,2017,2018,2019,2020,2021,2022,2023,2024,2025
Aruba,ABW,"Official exchange rate (LCU per US$, period average)",PA.NUS.FCRF,1.79,1.79,1.79,1.79,1.79,1.79,1.79,1.79,1.79,1.79,
Africa Eastern and Southern,AFE,"Official exchange rate (LCU per US$, period average)",PA.NUS.FCRF,,,,,,,,,,,
Afghanistan,AFG,"Official exchange rate (LCU per US$, period average)",PA.NUS.FCRF,61.14346154,67.86608577,68.02690408,72.08324718,77.73794918,76.81353644,,,,,
Africa Western and Central,AFW,"Official exchange rate (LCU per US$, period average)",PA.NUS.FCRF,,,,,,,,,,,
Angola,AGO,"Official exchange rate (LCU per US$, period average)",PA.NUS.FCRF,120.0607017,163.6564341,165.9159507,252.8557477,364.825805,578.2587803,631.4419555,460.5675116,685.0202378,869.8461896,
Albania,ALB,"Official exchange rate (LCU per US$, period average)",PA.NUS.FCRF,125.9616667,124.1425,119.1,107.9891667,109.8508333,108.65,103.52,113.0416667,100.645,93.12333333,
Andorra,AND,"Official exchange rate (LCU per US$, period average)",PA.NUS.FCRF,,,,,,,0.845376564,0.950915534,0.924709623,0.924367447,
Arab World,ARB,"Official exchange rate (LCU per US$, period average)",PA.NUS.FCRF,,,,,,,,,,,
United Arab Emirates,ARE,"Official exchange rate (LCU per US$, period average)",PA.NUS.FCRF,3.6725,3.6725,3.6725,3.6725,3.6725,3.6725,3.6725,3.6725,3.6725,3.6725,
Argentina,ARG,"Official exchange rate (LCU per US$, period average)",PA.NUS.FCRF,9.233185525,14.75817509,16.56270693,28.09499167,48.14789167,70.53916667,94.99074167,130.61655,296.2580417,914.6948833,
Armenia,ARM,"Official exchange rate (LCU per US$, period average)",PA.NUS.FCRF,477.9183066,480.4881508,482.7163938,482.9879466,480.4451288,489.0088586,503.769675,435.6661797,392.4763022,392.7295514,
American Samoa,ASM,"Official exchange rate (LCU per US$, period average)",PA.NUS.FCRF,1,1,1,1,1,1,1,1,1,1,
Antigua and Barbuda,ATG,"Official exchange rate (LCU per US$, period average)",PA.NUS.FCRF,2.7,2.7,2.7,2.7,2.7,2.7,2.7,2.7,2.7,2.7,
Australia,AUS,"Official exchange rate (LCU per US$, period average)",PA.NUS.FCRF,1.331090262,1.345213976,1.304758077,1.338412146,1.438506544,1.453085118,1.33122426,1.441664459,1.505191066,1.515358039,
Austria,AUT,"Official exchange rate (LCU per US$, period average)",PA.NUS.FCRF,0.901296423,0.903421436,0.885205508,0.846772667,0.893276257,0.875506397,0.845494139,0.949623753,0.924839558,0.923889546,
Azerbaijan,AZE,"Official exchange rate (LCU per US$, period average)",PA.NUS.FCRF,1.024563819,1.595721573,1.721154802,1.700016667,1.7,1.7,1.7,1.7,1.7,1.7,
Burundi,BDI,"Official exchange rate (LCU per US$, period average)",PA.NUS.FCRF,1571.898333,1654.626667,1729.055,1782.876875,1845.622891,1915.046176,1975.950881,2034.306634,2574.051749,2885.245498,
Belgium,BEL,"Official exchange rate (LCU per US$, period average)",PA.NUS.FCRF,0.901296423,0.903421436,0.885205508,0.846772667,0.893276257,0.875506397,0.845494139,0.949623753,0.924839558,0.923889546,
Benin,BEN,"Official exchange rate (LCU per US$, period average)",PA.NUS.FCRF,591.211698,592.6056151,580.6567496,555.4464584,585.9508138,574.2945496,554.6077989,622.9123482,606.6549823,606.3452976,
Burkina Faso,BFA,"Official exchange rate (LCU per US$, period average)",PA.NUS.FCRF,591.211698,592.6056151,580.6567496,555.4464584,585.9110132,575.5860045,554.530675,623.7597009,606.5697502,606.3452976,
Bangladesh,BGD,"Official exchange rate (LCU per US$, period average)",PA.NUS.FCRF,77.94690833,78.46809167,80.43754167,83.46620192,84.4535225,84.87139167,85.08376325,91.74545444,106.3094843,115.6036538,
Bulgaria,BGR,"Official exchange rate (LCU per US$, period average)",PA.NUS.FCRF,1.7644,1.768041667,1.735458333,1.657041667,1.747041667,1.716333333,1.653775,1.860141667,1.808966667,1.807841667,
Bahrain,BHR,"Official exchange rate (LCU per US$, period average)",PA.NUS.FCRF,0.376,0.376,0.376,0.376,0.376,0.376,0.376,0.376,0.376,0.376,
"Bahamas, The",BHS,"Official exchange rate (LCU per US$, period average)",PA.NUS.FCRF,1,1,1,1,1,1,1,1,1,1,
Bosnia and Herzegovina,BIH,"Official exchange rate (LCU per US$, period average)",PA.NUS.FCRF,1.763491647,1.768139024,1.735352713,1.656985441,1.747086461,1.716970495,1.653606154,1.859325877,1.8092028,1.807563562,
Belarus,BLR,"Official exchange rate (LCU per US$, period average)",PA.NUS.FCRF,1.592598833,1.989562833,1.932341667,2.037608333,2.091783333,2.439575,2.538675,2.6261,3.00735,3.246191667,
Belize,BLZ,"Official exchange rate (LCU per US$, period average)",PA.NUS.FCRF,2,2,2,2,2,2,2,2,2,2,
Bermuda,BMU,"Official exchange rate (LCU per US$, period average)",PA.NUS.FCRF,1,1,1,1,1,1,1,1,1,1,
Bolivia,BOL,"Official exchange rate (LCU per US$, period average)",PA.NUS.FCRF,6.91,6.91,6.91,6.91,6.91,6.91,6.91,6.91,6.91,6.91,
Brazil,BRA,"Official exchange rate (LCU per US$, period average)",PA.NUS.FCRF,3.326904383,3.491313422,3.191389446,3.653825361,3.944471097,5.155178788,5.39440079,5.163970291,4.994379763,5.388934906,
Barbados,BRB,"Official exchange rate (LCU per US$, period average)",PA.NUS.FCRF,2,2,2,2,2,2,2,2,2,2,
Brunei Darussalam,BRN,"Official exchange rate (LCU per US$, period average)",PA.NUS.FCRF,1.374910845,1.381346877,1.380891164,1.348918565,1.364218514,1.37970343,1.343806963,1.378956397,1.343079601,1.336033277,
Bhutan,BTN,"Official exchange rate (LCU per US$, period average)",PA.NUS.FCRF,64.15194446,67.19531281,65.12156865,68.38946709,70.42034054,74.09956688,73.91801282,78.60449058,82.59927645,83.66928158,
Botswana,BWA,"Official exchange rate (LCU per US$, period average)",PA.NUS.FCRF,10.12899167,10.90115833,10.34741667,10.199975,10.75586667,11.45624167,11.08725833,12.36880833,13.59638333,13.56313333,
Central African Republic,CAF,"Official exchange rate (LCU per US$, period average)",PA.NUS.FCRF,591.211698,592.6056151,580.6567496,555.4464584,585.9110132,575.5860045,554.530675,623.7597009,606.5697502,606.3452976,
Canada,CAN,"Official exchange rate (LCU per US$, period average)",PA.NUS.FCRF,1.278786204,1.325615164,1.297935846,1.295817928,1.326793363,1.341152672,1.253876902,1.301554775,1.349908641,1.369359766,
Central Europe and the Baltics,CEB,"Official exchange rate (LCU per US$, period average)",PA.NUS.FCRF,,,,,,,,,,,
Switzerland,CHE,"Official exchange rate (LCU per US$, period average)",PA.NUS.FCRF,0.962381328,0.985394394,0.984691667,0.977891667,0.993709167,0.938965,0.913845833,0.9548325,0.89849,0.880440833,
Channel Islands,CHI,"Official exchange rate (LCU per US$, period average)",PA.NUS.FCRF,0.654545479,0.740634464,0.776976682,0.74953154,0.78344511,0.779999577,0.727064945,0.811301716,0.804538907,0.782414581,
Chile,CHL,"Official exchange rate (LCU per US$, period average)",PA.NUS.FCRF,654.1240843,676.957736,648.8337926,641.2768131,702.8974226,792.7272061,758.9553787,873.3141895,840.0665267,943.5721674,
China,CHN,"Official exchange rate (LCU per US$, period average)",PA.NUS.FCRF,6.227488673,6.644477829,6.758755086,6.615957177,6.90838501,6.900767269,6.44897518,6.737158112,7.083998423,7.197491108,
Cote d'Ivoire,CIV,"Official exchange rate (LCU per US$, period average)",PA.NUS.FCRF,591.211698,592.6056151,580.6567496,555.4464584,585.9110132,575.5860045,554.530675,623.7597009,606.5697502,606.3452976,
Cameroon,CMR,"Official exchange rate (LCU per US$, period average)",PA.NUS.FCRF,591.211698,592.6056151,580.6567496,555.4464584,585.9110132,575.5860045,554.530675,623.7597009,606.5697502,606.3452976,
"Congo, Dem. Rep.",COD,"Official exchange rate (LCU per US$, period average)",PA.NUS.FCRF,925.9849613,1010.302757,1464.417932,1622.523502,1647.760127,1851.122162,1989.391471,2006.708219,2340.035704,,
"Congo, Rep.",COG,"Official exchange rate (LCU per US$, period average)",PA.NUS.FCRF,591.211698,592.6056151,580.6567496,555.4464584,585.9110132,575.5860045,554.530675,623.7597009,606.5697502,606.3452976,
Colombia,COL,"Official exchange rate (LCU per US$, period average)",PA.NUS.FCRF,2741.781667,3055.255,2951.486911,2955.70397,3281.622194,3693.275833,3744.244167,4256.194167,4325.955,4074.434167,
Comoros,COM,"Official exchange rate (LCU per US$, period average)",PA.NUS.FCRF,443.4087735,444.4542113,435.4925622,416.5848438,439.4631103,430.7209122,415.9558491,467.1842612,454.9912367,454.5238613,
Cabo Verde,CPV,"Official exchange rate (LCU per US$, period average)",PA.NUS.FCRF,99.38569354,99.68811364,97.80693777,93.41357891,98.49517859,96.79574279,93.21809241,104.8630658,101.8048125,101.9220108,
Costa Rica,CRI,"Official exchange rate (LCU per US$, period average)",PA.NUS.FCRF,534.56577,544.7393672,567.5130903,576.9725012,587.2945957,584.900855,620.78472,647.1358176,544.0507755,515.1097719,
Caribbean small states,CSS,"Official exchange rate (LCU per US$, period average)",PA.NUS.FCRF,,,,,,,,,,,
Cuba,CUB,"Official exchange rate (LCU per US$, period average)",PA.NUS.FCRF,,,,,,,,,,,
Curacao,CUW,"Official exchange rate (LCU per US$, period average)",PA.NUS.FCRF,1.79,1.79,1.79,1.79,1.79,1.79,1.79,1.79,1.79,1.79,
Cayman Islands,CYM,"Official exchange rate (LCU per US$, period average)",PA.NUS.FCRF,0.83333,0.83333,0.83333,0.83333,0.83333,0.83333,0.83333,0.83333,0.83333,0.83333,
Cyprus,CYP,"Official exchange rate (LCU per US$, period average)",PA.NUS.FCRF,0.901296423,0.903421436,0.885205508,0.846772667,0.893276257,0.875506397,0.845494139,0.949623753,0.924839558,0.923889546,
Czechia,CZE,"Official exchange rate (LCU per US$, period average)",PA.NUS.FCRF,24.59875,24.43991667,23.37633333,21.72991667,22.93225,23.21025,21.67816667,23.357,22.19808333,23.21683333,
Germany,DEU,"Official exchange rate (LCU per US$, period average)",PA.NUS.FCRF,0.901296423,0.903421436,0.885205508,0.846772667,0.893276257,0.875506397,0.845494139,0.949623753,0.924839558,0.923889546,
Djibouti,DJI,"Official exchange rate (LCU per US$, period average)",PA.NUS.FCRF,177.721,177.721,177.721,177.721,177.721,177.721,177.721,177.721,177.721,177.721,
Dominica,DMA,"Official exchange rate (LCU per US$, period average)",PA.NUS.FCRF,2.7,2.7,2.7,2.7,2.7,2.7,2.7,2.7,2.7,2.7,
Denmark,DNK,"Official exchange rate (LCU per US$, period average)",PA.NUS.FCRF,6.727906831,6.731718257,6.602893466,6.314618787,6.669446615,6.542152204,6.287113083,7.076151863,6.889702586,6.894481417,
Dominican Republic,DOM,"Official exchange rate (LCU per US$, period average)",PA.NUS.FCRF,45.04549907,46.06444394,47.5343582,49.50999286,51.29485833,56.52453333,57.22111667,55.14099167,56.1576,59.56513333,
Algeria,DZA,"Official exchange rate (LCU per US$, period average)",PA.NUS.FCRF,100.6914333,109.4430667,110.9730167,116.5937917,119.3535583,126.7768,135.0640583,141.994975,135.8429333,134.0532417,
East Asia & Pacific (excluding high income),EAP,"Official exchange rate (LCU per US$, period average)",PA.NUS.FCRF,,,,,,,,,,,
Early-demographic dividend,EAR,"Official exchange rate (LCU per US$, period average)",PA.NUS.FCRF,,,,,,,,,,,
East Asia & Pacific,EAS,"Official exchange rate (LCU per US$, period average)",PA.NUS.FCRF,,,,,,,,,,,
Europe & Central Asia (excluding high income),ECA,"Official exchange rate (LCU per US$, period average)",PA.NUS.FCRF,,,,,,,,,,,
Europe & Central Asia,ECS,"Official exchange rate (LCU per US$, period average)",PA.NUS.FCRF,,,,,,,,,,,
Ecuador,ECU,"Official exchange rate (LCU per US$, period average)",PA.NUS.FCRF,1,1,1,1,1,1,1,1,1,1,
"Egypt, Arab Rep.",EGY,"Official exchange rate (LCU per US$, period average)",PA.NUS.FCRF,7.691258333,10.02540079,17.78253352,17.76729042,16.77058184,15.75917292,15.64452728,19.16043974,30.6264137,45.29926,
Euro area,EMU,"Official exchange rate (LCU per US$, period average)",PA.NUS.FCRF,0.901296423,0.903421436,0.885205508,0.846772667,0.893276257,0.875506397,0.845494139,0.949623753,0.924839558,0.923889546,
Eritrea,ERI,"Official exchange rate (LCU per US$, period average)",PA.NUS.FCRF,15.375,15.35,15.075,15.075,15.075,15.075,15.075,15.075,15.075,15.075,
Spain,ESP,"Official exchange rate (LCU per US$, period average)",PA.NUS.FCRF,0.901296423,0.903421436,0.885205508,0.846772667,0.893276257,0.875506397,0.845494139,0.949623753,0.924839558,0.923889546,
Estonia,EST,"Official exchange rate (LCU per US$, period average)",PA.NUS.FCRF,0.901296423,0.903421436,0.885205508,0.846772667,0.893276257,0.875506397,0.845494139,0.949623753,0.924839558,0.923889546,
Ethiopia,ETH,"Official exchange rate (LCU per US$, period average)",PA.NUS.FCRF,20.57684875,21.73154722,23.86610446,27.42938659,29.06975,34.9271654,43.73377832,51.75621503,54.60094807,82.60133635,
European Union,EUU,"Official exchange rate (LCU per US$, period average)",PA.NUS.FCRF,,,,,,,,,,,
Fragile and conflict affected situations,FCS,"Official exchange rate (LCU per US$, period average)",PA.NUS.FCRF,,,,,,,,,,,
Finland,FIN,"Official exchange rate (LCU per US$, period average)",PA.NUS.FCRF,0.901296423,0.903421436,0.885205508,0.846772667,0.893276257,0.875506397,0.845494139,0.949623753,0.924839558,0.923889546,
Fiji,FJI,"Official exchange rate (LCU per US$, period average)",PA.NUS.FCRF,2.097629816,2.094695939,2.066875304,2.087379789,2.160393115,2.168804924,2.070633333,2.201406987,2.250125,2.2683,
France,FRA,"Official exchange rate (LCU per US$, period average)",PA.NUS.FCRF,0.901296423,0.903421436,0.885205508,0.846772667,0.893276257,0.875506397,0.845494139,0.949623753,0.924839558,0.923889546,
Faroe Islands,FRO,"Official exchange rate (LCU per US$, period average)",PA.NUS.FCRF,6.727906831,6.731718257,6.602893466,6.314618787,6.669446615,6.542152204,6.287113083,7.076151863,6.889702586,6.894481417,
"Micronesia, Fed. Sts.",FSM,"Official exchange rate (LCU per US$, period average)",PA.NUS.FCRF,1,1,1,1,1,1,1,1,1,1,
Gabon,GAB,"Official exchange rate (LCU per US$, period average)",PA.NUS.FCRF,591.211698,592.6056151,580.6567496,555.4464584,585.9110132,575.5860045,554.530675,623.7597009,606.5697502,606.3452976,
United Kingdom,GBR,"Official exchange rate (LCU per US$, period average)",PA.NUS.FCRF,0.654545479,0.740634464,0.776976682,0.74953154,0.78344511,0.779999577,0.727064945,0.811301716,0.804538907,0.782414581,
Georgia,GEO,"Official exchange rate (LCU per US$, period average)",PA.NUS.FCRF,2.269341667,2.366725,2.509541667,2.534110833,2.818145,3.109016667,3.221558333,2.9162,2.627958333,2.720616667,
Ghana,GHA,"Official exchange rate (LCU per US$, period average)",PA.NUS.FCRF,3.714641667,3.909816667,4.350533333,4.585325,5.217366667,5.595708333,5.8057,8.2724,11.02040833,14.18194167,
Gibraltar,GIB,"Official exchange rate (LCU per US$, period average)",PA.NUS.FCRF,0.654545479,0.740634464,0.776976682,0.74953154,0.78344511,0.779999577,0.727064945,0.811301716,0.804538907,0.782414581,
Guinea,GIN,"Official exchange rate (LCU per US$, period average)",PA.NUS.FCRF,7485.516742,8967.92708,9088.319496,9011.134177,9183.875864,9565.082183,,,,,
"Gambia, The",GMB,"Official exchange rate (LCU per US$, period average)",PA.NUS.FCRF,42.50620809,43.37252767,46.60890946,48.15178064,50.06246137,51.50166037,51.48444388,54.92346736,61.09633301,67.66123826,
Guinea-Bissau,GNB,"Official exchange rate (LCU per US$, period average)",PA.NUS.FCRF,591.211698,592.6056151,580.6567496,555.4464584,585.9110132,575.5860045,554.530675,623.7597009,606.5697502,606.3452976,
Equatorial Guinea,GNQ,"Official exchange rate (LCU per US$, period average)",PA.NUS.FCRF,591.211698,592.6056151,580.6567496,555.4464584,585.9110132,575.5860045,554.530675,623.7597009,606.5697502,606.3452976,
Greece,GRC,"Official exchange rate (LCU per US$, period average)",PA.NUS.FCRF,0.901296423,0.903421436,0.885205508,0.846772667,0.893276257,0.875506397,0.845494139,0.949623753,0.924839558,0.923889546,
Grenada,GRD,"Official exchange rate (LCU per US$, period average)",PA.NUS.FCRF,2.7,2.7,2.7,2.7,2.7,2.7,2.7,2.7,2.7,2.7,
Greenland,GRL,"Official exchange rate (LCU per US$, period average)",PA.NUS.FCRF,6.727906831,6.731718257,6.602893466,6.314618787,6.669446615,6.542152204,6.287113083,7.076151863,6.889702586,6.894481417,
Guatemala,GTM,"Official exchange rate (LCU per US$, period average)",PA.NUS.FCRF,7.654815,7.599937083,7.34793875,7.519164583,7.696698333,7.72165,7.734388333,7.74824375,7.831974167,7.7585375,
Guam,GUM,"Official exchange rate (LCU per US$, period average)",PA.NUS.FCRF,1,1,1,1,1,1,1,1,1,1,
Guyana,GUY,"Official exchange rate (LCU per US$, period average)",PA.NUS.FCRF,206.5,206.5,206.5,207.7166667,208.5,208.5,208.5,208.5,208.5,208.5,
High income,HIC,"Official exchange rate (LCU per US$, period average)",PA.NUS.FCRF,,,,,,,,,,,
"Hong Kong SAR, China",HKG,"Official exchange rate (LCU per US$, period average)",PA.NUS.FCRF,7.75175,7.76225,7.79325,7.8385,7.835916667,7.75725,7.77325,7.831416667,7.829583333,7.803833333,
Honduras,HND,"Official exchange rate (LCU per US$, period average)",PA.NUS.FCRF,21.945175,22.83501839,23.48708394,23.90272829,24.50853891,24.58188052,24.01665532,24.48587373,24.60164682,24.79928244,
Heavily indebted poor countries (HIPC),HPC,"Official exchange rate (LCU per US$, period average)",PA.NUS.FCRF,,,,,,,,,,,
Croatia,HRV,"Official exchange rate (LCU per US$, period average)",PA.NUS.FCRF,6.85830375,6.805990167,6.623831,6.27902525,6.622545167,6.6140555,6.360083167,7.1597415,0.924839558,0.923889546,
Haiti,HTI,"Official exchange rate (LCU per US$, period average)",PA.NUS.FCRF,50.70642667,63.33581837,64.76968028,68.03175398,88.81496618,93.50980721,89.22663651,115.6307155,141.0359127,131.8109917,
Hungary,HUN,"Official exchange rate (LCU per US$, period average)",PA.NUS.FCRF,279.3325,281.5233333,274.4333333,270.2116667,290.66,307.9966667,303.1408333,372.5958333,353.0883333,365.6908333,
IBRD only,IBD,"Official exchange rate (LCU per US$, period average)",PA.NUS.FCRF,,,,,,,,,,,
IDA & IBRD total,IBT,"Official exchange rate (LCU per US$, period average)",PA.NUS.FCRF,,,,,,,,,,,
IDA total,IDA,"Official exchange rate (LCU per US$, period average)",PA.NUS.FCRF,,,,,,,,,,,
IDA blend,IDB,"Official exchange rate (LCU per US$, period average)",PA.NUS.FCRF,,,,,,,,,,,
Indonesia,IDN,"Official exchange rate (LCU per US$, period average)",PA.NUS.FCRF,13389.41294,13308.3268,13380.83388,14236.93877,14147.67136,14582.20347,14308.1439,14849.85394,15236.88466,15855.44829,
IDA only,IDX,"Official exchange rate (LCU per US$, period average)",PA.NUS.FCRF,,,,,,,,,,,
Isle of Man,IMN,"Official exchange rate (LCU per US$, period average)",PA.NUS.FCRF,0.654545479,0.740634464,0.776976682,0.74953154,0.78344511,0.779999577,0.727064945,0.811301716,0.804538907,0.782414581,
India,IND,"Official exchange rate (LCU per US$, period average)",PA.NUS.FCRF,64.15194446,67.19531281,65.12156865,68.38946709,70.42034054,74.09956688,73.91801282,78.60449058,82.59927645,83.66928158,
Not classified,INX,"Official exchange rate (LCU per US$, period average)",PA.NUS.FCRF,,,,,,,,,,,
Ireland,IRL,"Official exchange rate (LCU per US$, period average)",PA.NUS.FCRF,0.901296423,0.903421436,0.885205508,0.846772667,0.893276257,0.875506397,0.845494139,0.949623753,0.924839558,0.923889546,
"Iran, Islamic Rep.",IRN,"Official exchange rate (LCU per US$, period average)",PA.NUS.FCRF,29011.49138,30914.85244,33226.29815,40864.32901,42000,42000,42000,42000,42000,,
Iraq,IRQ,"Official exchange rate (LCU per US$, period average)",PA.NUS.FCRF,1167.333333,1182,1184,1182.75,1182,1192,1450,1450,1312.5,1300,
Iceland,ISL,"Official exchange rate (LCU per US$, period average)",PA.NUS.FCRF,131.9187084,120.8115481,106.839572,108.3001763,122.6067736,135.4217116,126.9888602,135.279902,137.9429524,137.958026,
Israel,ISR,"Official exchange rate (LCU per US$, period average)",PA.NUS.FCRF,3.886833333,3.840566667,3.599555548,3.590558127,3.564527347,3.442405852,3.230198323,3.359614402,3.667374716,3.69971965,
Italy,ITA,"Official exchange rate (LCU per US$, period average)",PA.NUS.FCRF,0.901296423,0.903421436,0.885205508,0.846772667,0.893276257,0.875506397,0.845494139,0.949623753,0.924839558,0.923889546,
Jamaica,JAM,"Official exchange rate (LCU per US$, period average)",PA.NUS.FCRF,116.9697766,125.0950346,127.9645442,128.8715191,133.3121183,142.4028328,150.7901059,153.4268165,154.158779,156.4395401,
Jordan,JOR,"Official exchange rate (LCU per US$, period average)",PA.NUS.FCRF,0.71,0.71,0.71,0.71,0.71,0.71,0.71,0.71,0.71,0.71,
Japan,JPN,"Official exchange rate (LCU per US$, period average)",PA.NUS.FCRF,121.0440257,108.7929,112.1661411,110.4231793,109.0096659,106.7745823,109.7543238,131.4981404,140.4911001,151.3662913,
Kazakhstan,KAZ,"Official exchange rate (LCU per US$, period average)",PA.NUS.FCRF,221.7283333,342.16,326.0010227,344.7058333,382.7473106,412.9533333,425.9075,460.165,456.165,468.9625,
Kenya,KEN,"Official exchange rate (LCU per US$, period average)",PA.NUS.FCRF,98.17845333,101.5043695,103.4100045,101.301574,101.9912984,106.4507802,109.6377466,117.8659892,139.8463838,134.8224833,
Kyrgyz Republic,KGZ,"Official exchange rate (LCU per US$, period average)",PA.NUS.FCRF,64.46210827,69.91406583,68.86666786,68.84032033,69.78934918,77.3461127,84.64082201,84.11622257,87.85612559,87.15031264,
Cambodia,KHM,"Official exchange rate (LCU per US$, period average)",PA.NUS.FCRF,4067.75,4058.694579,4050.579986,4051.1669,4061.148963,4092.783219,4098.722795,4102.037865,4110.652746,4072.397239,
Kiribati,KIR,"Official exchange rate (LCU per US$, period average)",PA.NUS.FCRF,1.331090262,1.345213976,1.304758077,1.338412146,1.438506544,1.453085118,1.33122426,1.441664459,1.505191066,1.515358039,
St. Kitts and Nevis,KNA,"Official exchange rate (LCU per US$, period average)",PA.NUS.FCRF,2.7,2.7,2.7,2.7,2.7,2.7,2.7,2.7,2.7,2.7,
"Korea, Rep.",KOR,"Official exchange rate (LCU per US$, period average)",PA.NUS.FCRF,1130.9525,1160.7675,1131.000833,1100.163333,1165.3575,1180.265833,1143.951667,1291.446667,1305.6625,1363.375,
Kuwait,KWT,"Official exchange rate (LCU per US$, period average)",PA.NUS.FCRF,0.300852025,0.302137441,0.303349758,0.301956494,0.303611163,0.306233122,0.301643111,0.306250154,0.307185351,0.306690649,
Latin America & Caribbean (excluding high income),LAC,"Official exchange rate (LCU per US$, period average)",PA.NUS.FCRF,,,,,,,,,,,
Lao PDR,LAO,"Official exchange rate (LCU per US$, period average)",PA.NUS.FCRF,8127.610598,8124.366756,8244.843189,8401.334766,8679.409093,9045.787834,9697.915789,14035.22669,17688.87359,20167.33138,
Lebanon,LBN,"Official exchange rate (LCU per US$, period average)",PA.NUS.FCRF,1507.5,1507.5,1507.5,1507.5,1507.5,1507.5,1507.5,1507.5,13875.625,89500,
Liberia,LBR,"Official exchange rate (LCU per US$, period average)",PA.NUS.FCRF,86.18836657,94.42724359,112.7066667,144.0555758,186.4297446,191.5179576,166.1537008,152.9337568,174.9559828,191.3066667,
Libya,LBY,"Official exchange rate (LCU per US$, period average)",PA.NUS.FCRF,1.38120986,1.390368679,1.393820011,1.364966667,1.398262897,1.388666683,4.514425,4.813175,4.812883333,4.832208333,
St. Lucia,LCA,"Official exchange rate (LCU per US$, period average)",PA.NUS.FCRF,2.7,2.7,2.7,2.7,2.7,2.7,2.7,2.7,2.7,2.7,
Latin America & Caribbean,LCN,"Official exchange rate (LCU per US$, period average)",PA.NUS.FCRF,,,,,,,,,,,
Least developed countries: UN classification,LDC,"Official exchange rate (LCU per US$, period average)",PA.NUS.FCRF,,,,,,,,,,,
Low income,LIC,"Official exchange rate (LCU per US$, period average)",PA.NUS.FCRF,,,,,,,,,,,
Liechtenstein,LIE,"Official exchange rate (LCU per US$, period average)",PA.NUS.FCRF,0.962381328,0.985394394,0.984691667,0.977891667,0.993709167,0.938965,0.913845833,0.9548325,0.89849,0.880440833,
Sri Lanka,LKA,"Official exchange rate (LCU per US$, period average)",PA.NUS.FCRF,135.8569128,145.5816675,152.4464139,162.4648587,178.744925,185.5925578,198.7643168,322.6326743,327.5065333,,
Lower middle income,LMC,"Official exchange rate (LCU per US$, period average)",PA.NUS.FCRF,,,,,,,,,,,
Low & middle income,LMY,"Official exchange rate (LCU per US$, period average)",PA.NUS.FCRF,,,,,,,,,,,
Lesotho,LSO,"Official exchange rate (LCU per US$, period average)",PA.NUS.FCRF,12.75893088,14.70961089,13.32380142,13.23392647,14.44842705,16.45910539,14.77867821,16.35585348,18.45024418,18.32865755,
Late-demographic dividend,LTE,"Official exchange rate (LCU per US$, period average)",PA.NUS.FCRF,,,,,,,,,,,
Lithuania,LTU,"Official exchange rate (LCU per US$, period average)",PA.NUS.FCRF,0.901296423,0.903421436,0.885205508,0.846772667,0.893276257,0.875506397,0.845494139,0.949623753,0.924839558,0.923889546,
Luxembourg,LUX,"Official exchange rate (LCU per US$, period average)",PA.NUS.FCRF,0.901296423,0.903421436,0.885205508,0.846772667,0.893276257,0.875506397,0.845494139,0.949623753,0.924839558,0.923889546,
Latvia,LVA,"Official exchange rate (LCU per US$, period average)",PA.NUS.FCRF,0.901296423,0.903421436,0.885205508,0.846772667,0.893276257,0.875506397,0.845494139,0.949623753,0.924839558,0.923889546,
"Macao SAR, China",MAC,"Official exchange rate (LCU per US$, period average)",PA.NUS.FCRF,7.984960417,7.99506425,8.026001,8.072507417,8.070470333,7.989061917,8.00553175,8.065206083,8.063390083,8.03683075,
St. Martin (French part),MAF,"Official exchange rate (LCU per US$, period average)",PA.NUS.FCRF,0.901296423,0.903421436,0.885205508,0.846772667,0.893276257,0.875506397,0.845494139,0.949623753,0.924839558,0.923889546,
Morocco,MAR,"Official exchange rate (LCU per US$, period average)",PA.NUS.FCRF,9.76434828,9.807476032,9.691997889,9.386102421,9.6170761,9.496847322,8.988484024,10.16066024,10.1314261,9.942359217,
Monaco,MCO,"Official exchange rate (LCU per US$, period average)",PA.NUS.FCRF,0.901296423,0.903421436,0.885205508,0.846772667,0.893276257,0.875506397,0.845494139,0.949623753,0.924839558,0.923889546,
Moldova,MDA,"Official exchange rate (LCU per US$, period average)",PA.NUS.FCRF,18.81847515,19.92382756,18.49903489,16.80205172,17.57346887,17.32183521,17.68046614,18.89718962,18.16393776,17.79190769,
Madagascar,MDG,"Official exchange rate (LCU per US$, period average)",PA.NUS.FCRF,2933.508333,3176.539167,3116.11,3334.752255,3618.321858,3787.754058,3829.977849,4096.116184,4429.579214,4525.424721,
Maldives,MDV,"Official exchange rate (LCU per US$, period average)",PA.NUS.FCRF,15.36633122,15.36840768,15.38696851,15.39083727,15.38204192,15.38126953,15.37269841,15.386625,15.38679435,15.38919633,
"Middle East, North Africa, Afghanistan & Pakistan",MEA,"Official exchange rate (LCU per US$, period average)",PA.NUS.FCRF,,,,,,,,,,,
Mexico,MEX,"Official exchange rate (LCU per US$, period average)",PA.NUS.FCRF,15.84826667,18.66405833,18.92651667,19.24434167,19.26363333,21.48560833,20.27240833,20.12735,17.75871667,18.30485833,
Marshall Islands,MHL,"Official exchange rate (LCU per US$, period average)",PA.NUS.FCRF,1,1,1,1,1,1,1,1,1,1,
Middle income,MIC,"Official exchange rate (LCU per US$, period average)",PA.NUS.FCRF,,,,,,,,,,,
North Macedonia,MKD,"Official exchange rate (LCU per US$, period average)",PA.NUS.FCRF,55.537075,55.731725,54.66545833,52.10710833,54.9472,54.144325,52.10215833,58.57439167,56.94719167,56.87263333,
Mali,MLI,"Official exchange rate (LCU per US$, period average)",PA.NUS.FCRF,591.211698,592.6056151,580.6567496,555.4464584,585.9110132,575.5860045,554.530675,623.7597009,606.5697502,606.3452976,
Malta,MLT,"Official exchange rate (LCU per US$, period average)",PA.NUS.FCRF,0.901296423,0.903421436,0.885205508,0.846772667,0.893276257,0.875506397,0.845494139,0.949623753,0.924839558,0.923889546,
Myanmar,MMR,"Official exchange rate (LCU per US$, period average)",PA.NUS.FCRF,1162.615329,1234.869517,1360.358707,1429.807975,1518.255117,1381.619167,,,,,
"Middle East, North Africa, Afghanistan & Pakistan (excluding high income)",MNA,"Official exchange rate (LCU per US$, period average)",PA.NUS.FCRF,,,,,,,,,,,
Montenegro,MNE,"Official exchange rate (LCU per US$, period average)",PA.NUS.FCRF,0.901296423,0.903421436,0.885205508,0.846772667,0.893215581,0.877475207,0.845376564,0.950915534,0.924709623,0.924367447,
Mongolia,MNG,"Official exchange rate (LCU per US$, period average)",PA.NUS.FCRF,1970.309167,2140.290864,2439.777201,2472.484051,2663.541398,2813.289835,2849.288615,3140.677884,3465.736536,3389.98152,
Northern Mariana Islands,MNP,"Official exchange rate (LCU per US$, period average)",PA.NUS.FCRF,1,1,1,1,1,1,1,1,1,1,
Mozambique,MOZ,"Official exchange rate (LCU per US$, period average)",PA.NUS.FCRF,39.98247415,63.05623273,63.58432291,60.32620764,62.54833333,69.465,65.465,63.85083333,63.88583333,63.905,
Mauritania,MRT,"Official exchange rate (LCU per US$, period average)",PA.NUS.FCRF,32.46716667,35.23708333,35.79441667,35.6775,36.69083333,37.18916667,36.06333333,36.935,36.48916667,,
Mauritius,MUS,"Official exchange rate (LCU per US$, period average)",PA.NUS.FCRF,35.0567,35.54188333,34.48140833,33.93445,35.47351667,39.34693333,41.69213333,44.182775,45.267225,46.414675,
Malawi,MWI,"Official exchange rate (LCU per US$, period average)",PA.NUS.FCRF,499.6058333,718.005,730.2725,732.3333333,745.5406679,749.5274939,805.8996501,949.0390167,1161.094367,,
Malaysia,MYS,"Official exchange rate (LCU per US$, period average)",PA.NUS.FCRF,3.905500263,4.148300663,4.300440878,4.035130137,4.142469736,4.203481949,4.143297598,4.401076345,4.560623432,4.576427911,
North America,NAC,"Official exchange rate (LCU per US$, period average)",PA.NUS.FCRF,,,,,,,,,,,
Namibia,NAM,"Official exchange rate (LCU per US$, period average)",PA.NUS.FCRF,12.88192083,14.70876667,13.3129,13.23394167,14.44869042,16.46326667,14.778675,16.35585833,18.44630833,18.32865833,
New Caledonia,NCL,"Official exchange rate (LCU per US$, period average)",PA.NUS.FCRF,107.5532344,107.8068158,105.6330782,101.0468219,106.5889338,104.7106082,100.8802226,113.4743672,110.3471713,110.3063389,
Niger,NER,"Official exchange rate (LCU per US$, period average)",PA.NUS.FCRF,591.211698,592.6056151,580.6567496,555.4464584,585.9110132,575.5860045,554.530675,623.7597009,606.5697502,606.3452976,
Nigeria,NGA,"Official exchange rate (LCU per US$, period average)",PA.NUS.FCRF,192.4403333,253.492,305.7901092,306.0836882,306.9209515,358.8107973,401.1520292,425.9791581,645.1940679,1478.965197,
Nicaragua,NIC,"Official exchange rate (LCU per US$, period average)",PA.NUS.FCRF,27.25684494,28.62096241,30.05094134,31.55321233,33.12174527,34.34212212,35.17101667,35.87442114,36.44119428,36.6243,
Netherlands,NLD,"Official exchange rate (LCU per US$, period average)",PA.NUS.FCRF,0.901296423,0.903421436,0.885205508,0.846772667,0.893276257,0.875506397,0.845494139,0.949623753,0.924839558,0.923889546,
Norway,NOR,"Official exchange rate (LCU per US$, period average)",PA.NUS.FCRF,8.064166667,8.4,8.271666667,8.1325,8.8,9.415833333,8.59,9.614166667,10.56333333,10.74583333,
Nepal,NPL,"Official exchange rate (LCU per US$, period average)",PA.NUS.FCRF,102.4051343,107.3838152,104.5118852,108.9301341,112.6094828,118.3451873,118.1340816,125.1994578,132.1154601,133.7266443,
Nauru,NRU,"Official exchange rate (LCU per US$, period average)",PA.NUS.FCRF,1.331090262,1.345213976,1.304758077,1.338412146,1.438506544,1.453085118,1.33122426,1.441664459,1.505191066,1.515358039,
New Zealand,NZL,"Official exchange rate (LCU per US$, period average)",PA.NUS.FCRF,1.433975,1.436525,1.407408333,1.445258333,1.517875,1.542058333,1.4138,1.577183333,1.628433333,1.652308333,
OECD members,OED,"Official exchange rate (LCU per US$, period average)",PA.NUS.FCRF,,,,,,,,,,,
Oman,OMN,"Official exchange rate (LCU per US$, period average)",PA.NUS.FCRF,0.3845,0.3845,0.3845,0.3845,0.3845,0.3845,0.3845,0.3845,0.3845,0.3845,
Other small states,OSS,"Official exchange rate (LCU per US$, period average)",PA.NUS.FCRF,,,,,,,,,,,
Pakistan,PAK,"Official exchange rate (LCU per US$, period average)",PA.NUS.FCRF,102.7692716,104.769117,105.4551621,121.8240689,150.0362538,161.8384797,162.9062537,204.8671875,280.3561117,278.5807162,
Panama,PAN,"Official exchange rate (LCU per US$, period average)",PA.NUS.FCRF,1,1,1,1,1,1,1,1,1,1,
Peru,PER,"Official exchange rate (LCU per US$, period average)",PA.NUS.FCRF,3.184439242,3.375061587,3.260488491,3.286602698,3.337265547,3.494941198,3.880554131,3.835181375,3.74382621,3.7525,
Philippines,PHL,"Official exchange rate (LCU per US$, period average)",PA.NUS.FCRF,45.50283994,47.49246386,50.40371979,52.66142995,51.79578265,49.624096,49.25459773,54.47778584,55.63036322,57.29065507,
Palau,PLW,"Official exchange rate (LCU per US$, period average)",PA.NUS.FCRF,1,1,1,1,1,1,1,1,1,1,
Papua New Guinea,PNG,"Official exchange rate (LCU per US$, period average)",PA.NUS.FCRF,2.768411667,3.133029302,3.188788383,3.293463081,3.387537681,3.459974386,3.50877193,3.519229705,3.589622749,3.852750268,
Poland,POL,"Official exchange rate (LCU per US$, period average)",PA.NUS.FCRF,3.7695,3.942783333,3.779333333,3.611716667,3.839375,3.899741667,3.861916667,4.457758333,4.203666667,3.980783333,
Pre-demographic dividend,PRE,"Official exchange rate (LCU per US$, period average)",PA.NUS.FCRF,,,,,,,,,,,
Puerto Rico (US),PRI,"Official exchange rate (LCU per US$, period average)",PA.NUS.FCRF,1,1,1,1,1,1,1,1,1,1,
"Korea, Dem. People's Rep.",PRK,"Official exchange rate (LCU per US$, period average)",PA.NUS.FCRF,,,,,,,,,,,
Portugal,PRT,"Official exchange rate (LCU per US$, period average)",PA.NUS.FCRF,0.901296423,0.903421436,0.885205508,0.846772667,0.893276257,0.875506397,0.845494139,0.949623753,0.924839558,0.923889546,
Paraguay,PRY,"Official exchange rate (LCU per US$, period average)",PA.NUS.FCRF,5204.920808,5670.540898,5618.933452,5732.104556,6240.722078,6771.097425,6774.162735,6982.752378,7288.872054,7560.247588,
West Bank and Gaza,PSE,"Official exchange rate (LCU per US$, period average)",PA.NUS.FCRF,,,,,,,,,,,
Pacific island small states,PSS,"Official exchange rate (LCU per US$, period average)",PA.NUS.FCRF,,,,,,,,,,,
Post-demographic dividend,PST,"Official exchange rate (LCU per US$, period average)",PA.NUS.FCRF,,,,,,,,,,,
French Polynesia,PYF,"Official exchange rate (LCU per US$, period average)",PA.NUS.FCRF,107.5532344,107.8068158,105.6330782,101.0468219,106.5889338,104.7106082,100.8802226,113.4743672,110.3471713,110.3063389,
Qatar,QAT,"Official exchange rate (LCU per US$, period average)",PA.NUS.FCRF,3.64,3.64,3.64,3.64,3.64,3.64,3.64,3.64,3.64,3.64,
Romania,ROU,"Official exchange rate (LCU per US$, period average)",PA.NUS.FCRF,4.005666667,4.059183333,4.052491667,3.941616667,4.237925,4.243991667,4.160416667,4.688475,4.574291667,4.598375,
Russian Federation,RUS,"Official exchange rate (LCU per US$, period average)",PA.NUS.FCRF,60.93765011,67.05593333,58.34280119,62.66813333,64.73765833,72.10490833,73.65435,68.48494167,85.16200833,92.5524,
Rwanda,RWA,"Official exchange rate (LCU per US$, period average)",PA.NUS.FCRF,719.8595555,787.2515218,831.5543398,861.0934122,899.350509,943.2780482,988.6248066,1030.3083,1160.098694,1318.128357,
South Asia,SAS,"Official exchange rate (LCU per US$, period average)",PA.NUS.FCRF,,,,,,,,,,,
Saudi Arabia,SAU,"Official exchange rate (LCU per US$, period average)",PA.NUS.FCRF,3.75,3.75,3.75,3.75,3.75,3.75,3.75,3.75,3.75,3.75,
Sudan,SDN,"Official exchange rate (LCU per US$, period average)",PA.NUS.FCRF,6.025732598,6.211713646,6.68336,24.3289109,45.76704545,53.9960119,370.7905833,546.75885,,,
Senegal,SEN,"Official exchange rate (LCU per US$, period average)",PA.NUS.FCRF,591.211698,592.6056151,580.6567496,555.4464584,585.9110132,575.5860045,554.530675,623.7597009,606.5697502,606.3452976,
Singapore,SGP,"Official exchange rate (LCU per US$, period average)",PA.NUS.FCRF,1.374825,1.381546364,1.380925,1.348841667,1.364158333,1.379741667,1.343483333,1.378666667,1.342766667,1.336233333,
Solomon Islands,SLB,"Official exchange rate (LCU per US$, period average)",PA.NUS.FCRF,7.914688977,7.948152938,7.887390369,7.952504861,8.173399298,8.21341291,8.030102991,8.155528698,8.375596776,8.454835602,
Sierra Leone,SLE,"Official exchange rate (LCU per US$, period average)",PA.NUS.FCRF,5.0807475,6.290297415,7.384432222,7.93163175,9.010221144,9.829926763,10.43942532,14.04764979,21.30487511,,
El Salvador,SLV,"Official exchange rate (LCU per US$, period average)",PA.NUS.FCRF,1,1,1,1,1,1,1,1,1,1,
San Marino,SMR,"Official exchange rate (LCU per US$, period average)",PA.NUS.FCRF,0.901296423,0.903421436,0.885205508,0.846772667,0.893215581,0.877475207,0.845376564,0.950915534,0.924709623,0.924367447,
"Somalia, Fed. Rep.",SOM,"Official exchange rate (LCU per US$, period average)",PA.NUS.FCRF,22254.23568,23061.78431,23097.98732,,,,,,,,
Serbia,SRB,"Official exchange rate (LCU per US$, period average)",PA.NUS.FCRF,108.811425,111.27785,107.75885,100.175075,105.2495583,103.1632917,99.39594167,111.6621833,108.4026917,108.2077417,
Sub-Saharan Africa (excluding high income),SSA,"Official exchange rate (LCU per US$, period average)",PA.NUS.FCRF,,,,,,,,,,,
South Sudan,SSD,"Official exchange rate (LCU per US$, period average)",PA.NUS.FCRF,3.604166667,46.72916667,113.6475,141.3858333,157.9991667,165.9073167,306.3546199,534.5111887,930.3314295,2163.103873,
Sub-Saharan Africa,SSF,"Official exchange rate (LCU per US$, period average)",PA.NUS.FCRF,,,,,,,,,,,
Small states,SST,"Official exchange rate (LCU per US$, period average)",PA.NUS.FCRF,,,,,,,,,,,
Sao Tome and Principe,STP,"Official exchange rate (LCU per US$, period average)",PA.NUS.FCRF,22.09064456,22.14886063,21.74113836,20.75085924,21.88474182,21.5070591,20.71040152,23.29040395,22.65842479,22.64300989,
Suriname,SUR,"Official exchange rate (LCU per US$, period average)",PA.NUS.FCRF,3.416666667,6.228630278,7.487661125,7.462511198,7.458,9.309545455,18.23866667,24.70917476,36.77586917,33.18055167,
Slovak Republic,SVK,"Official exchange rate (LCU per US$, period average)",PA.NUS.FCRF,0.901296423,0.903421436,0.885205508,0.846772667,0.893276257,0.875506397,0.845494139,0.949623753,0.924839558,0.923889546,
Slovenia,SVN,"Official exchange rate (LCU per US$, period average)",PA.NUS.FCRF,0.901296423,0.903421436,0.885205508,0.846772667,0.893276257,0.875506397,0.845494139,0.949623753,0.924839558,0.923889546,
Sweden,SWE,"Official exchange rate (LCU per US$, period average)",PA.NUS.FCRF,8.434840833,8.561991667,8.548860833,8.692518333,9.458349167,9.210309028,8.576566716,10.11425128,10.6101613,10.56763643,
Eswatini,SWZ,"Official exchange rate (LCU per US$, period average)",PA.NUS.FCRF,12.75893088,14.70961089,13.32380142,13.23392647,14.45178923,16.47025587,14.78343514,16.36228306,18.45359249,18.31768683,
Sint Maarten (Dutch part),SXM,"Official exchange rate (LCU per US$, period average)",PA.NUS.FCRF,1.79,1.79,1.79,1.79,1.79,1.79,1.79,1.79,1.79,1.79,
Seychelles,SYC,"Official exchange rate (LCU per US$, period average)",PA.NUS.FCRF,13.313925,13.31911667,13.64784167,13.91111667,14.03325,17.61651876,16.92052257,14.27279453,14.0181107,14.52969319,
Syrian Arab Republic,SYR,"Official exchange rate (LCU per US$, period average)",PA.NUS.FCRF,237.0291667,460.2758333,492.6108333,436.5,436.5,877.9452509,1256,2505.746911,,,
Turks and Caicos Islands,TCA,"Official exchange rate (LCU per US$, period average)",PA.NUS.FCRF,1,1,1,1,1,1,1,1,1,1,
Chad,TCD,"Official exchange rate (LCU per US$, period average)",PA.NUS.FCRF,591.211698,592.6056151,580.6567496,555.4464584,585.9110132,575.5860045,554.530675,623.7597009,606.5697502,606.3452976,
East Asia & Pacific (IDA & IBRD countries),TEA,"Official exchange rate (LCU per US$, period average)",PA.NUS.FCRF,,,,,,,,,,,
Europe & Central Asia (IDA & IBRD countries),TEC,"Official exchange rate (LCU per US$, period average)",PA.NUS.FCRF,,,,,,,,,,,
Togo,TGO,"Official exchange rate (LCU per US$, period average)",PA.NUS.FCRF,591.211698,592.6056151,580.6567496,555.4464584,585.9110132,575.5860045,554.530675,623.7597009,606.5697502,606.3452976,
Thailand,THA,"Official exchange rate (LCU per US$, period average)",PA.NUS.FCRF,34.24771667,35.29638333,33.93981106,32.31022574,31.04760578,31.29367321,31.97709344,35.06135021,34.80218858,35.29353808,
Tajikistan,TJK,"Official exchange rate (LCU per US$, period average)",PA.NUS.FCRF,6.163116667,7.835675,8.549741667,9.151216667,9.530366667,10.32194167,11.30885,11.031075,10.844525,10.79949167,
Turkmenistan,TKM,"Official exchange rate (LCU per US$, period average)",PA.NUS.FCRF,,,,,,,,,,,
Latin America & the Caribbean (IDA & IBRD countries),TLA,"Official exchange rate (LCU per US$, period average)",PA.NUS.FCRF,,,,,,,,,,,
Timor-Leste,TLS,"Official exchange rate (LCU per US$, period average)",PA.NUS.FCRF,1,1,1,1,1,1,1,1,1,1,
"Middle East, North Africa, Afghanistan & Pakistan (IDA & IBRD)",TMN,"Official exchange rate (LCU per US$, period average)",PA.NUS.FCRF,,,,,,,,,,,
Tonga,TON,"Official exchange rate (LCU per US$, period average)",PA.NUS.FCRF,2.105763257,2.215661104,2.205972697,2.236571476,2.28948563,2.299561508,2.264959601,2.327929827,2.363698818,2.373041574,
South Asia (IDA & IBRD),TSA,"Official exchange rate (LCU per US$, period average)",PA.NUS.FCRF,,,,,,,,,,,
Sub-Saharan Africa (IDA & IBRD countries),TSS,"Official exchange rate (LCU per US$, period average)",PA.NUS.FCRF,,,,,,,,,,,
Trinidad and Tobago,TTO,"Official exchange rate (LCU per US$, period average)",PA.NUS.FCRF,6.377441667,6.668966667,6.779525,6.770750898,6.754326683,6.751052687,6.758530049,6.754128961,6.750262379,6.750123249,
Tunisia,TUN,"Official exchange rate (LCU per US$, period average)",PA.NUS.FCRF,1.961625,2.148033333,2.419425,2.646866667,2.934433333,2.812358333,2.794466667,3.1036,3.106166667,3.10745,
Turkiye,TUR,"Official exchange rate (LCU per US$, period average)",PA.NUS.FCRF,2.720008528,3.020134748,3.648132635,4.828370147,5.673819308,7.008605416,8.850407549,16.54886042,23.73856612,32.80586144,
Tuvalu,TUV,"Official exchange rate (LCU per US$, period average)",PA.NUS.FCRF,,,,,,,,,,1.515358039,
Tanzania,TZA,"Official exchange rate (LCU per US$, period average)",PA.NUS.FCRF,1991.390833,2177.086667,2228.856667,2263.781667,2288.206667,2294.146151,2297.764226,2303.033676,2383.042583,2597.900417,
Uganda,UGA,"Official exchange rate (LCU per US$, period average)",PA.NUS.FCRF,3240.64542,3420.098007,3611.224458,3727.068995,3704.049072,3718.248923,3587.051707,3689.817386,3726.14046,3757.262535,
Ukraine,UKR,"Official exchange rate (LCU per US$, period average)",PA.NUS.FCRF,21.84469777,25.55133412,26.5966063,27.20049233,25.84558933,26.95752438,27.28618938,32.3423016,36.57380812,40.15208272,
Upper middle income,UMC,"Official exchange rate (LCU per US$, period average)",PA.NUS.FCRF,,,,,,,,,,,
Uruguay,URY,"Official exchange rate (LCU per US$, period average)",PA.NUS.FCRF,27.32736667,30.1626,28.6764,30.72525833,35.255375,42.01329167,43.554575,41.17108333,38.82391667,40.2127875,
United States,USA,"Official exchange rate (LCU per US$, period average)",PA.NUS.FCRF,1,1,1,1,1,1,1,1,1,1,
Uzbekistan,UZB,"Official exchange rate (LCU per US$, period average)",PA.NUS.FCRF,2567.987213,2965.253499,5113.878946,8069.606237,8836.7875,10054.26133,10609.46439,11050.14542,11734.83342,12652.28682,
St. Vincent and the Grenadines,VCT,"Official exchange rate (LCU per US$, period average)",PA.NUS.FCRF,2.7,2.7,2.7,2.7,2.7,2.7,2.7,2.7,2.7,2.7,
"Venezuela, RB",VEN,"Official exchange rate (LCU per US$, period average)",PA.NUS.FCRF,6.2842,9.257344444,9.975,,,315575.8017,2104580.835,6.683882386,28.63536097,38.37835976,
British Virgin Islands,VGB,"Official exchange rate (LCU per US$, period average)",PA.NUS.FCRF,,,,,,,,,,,
Virgin Islands (U.S.),VIR,"Official exchange rate (LCU per US$, period average)",PA.NUS.FCRF,1,1,1,1,1,1,1,1,1,1,
Viet Nam,VNM,"Official exchange rate (LCU per US$, period average)",PA.NUS.FCRF,21697.5675,21935.00083,22370.08667,22602.05,23050.24167,23208.36833,23159.78259,23271.2125,23787.31917,24164.88583,
Vanuatu,VUT,"Official exchange rate (LCU per US$, period average)",PA.NUS.FCRF,108.9891667,108.475,107.8208333,110.165,114.7325,115.38,109.4483333,115.3539167,119.1125,119.165,
World,WLD,"Official exchange rate (LCU per US$, period average)",PA.NUS.FCRF,,,,,,,,,,,
Samoa,WSM,"Official exchange rate (LCU per US$, period average)",PA.NUS.FCRF,2.560873688,2.564929673,2.554377116,2.587279951,2.648826322,2.664960845,2.556092342,2.688997647,2.73843913,2.753953705,
Kosovo,XKX,"Official exchange rate (LCU per US$, period average)",PA.NUS.FCRF,0.901296423,0.903421436,0.885205508,0.846772667,0.893215581,0.877475207,0.845376564,0.950915534,0.924709623,0.924367447,
"Yemen, Rep.",YEM,"Official exchange rate (LCU per US$, period average)",PA.NUS.FCRF,230.8333333,283.8958333,282.195,214.89,486.7309229,743.0059644,1028.107754,1115.002387,1355.116379,,
South Africa,ZAF,"Official exchange rate (LCU per US$, period average)",PA.NUS.FCRF,12.75893088,14.70961089,13.32380142,13.23392647,14.44842705,16.45910539,14.77867821,16.35585348,18.45024418,18.32865755,
Zambia,ZMB,"Official exchange rate (LCU per US$, period average)",PA.NUS.FCRF,8.631666667,10.3075,9.5175,10.45833333,12.89,18.34409265,20.01848659,16.93759433,20.21201787,26.16641878,
Zimbabwe,ZWE,"Official exchange rate (LCU per US$, period average)",PA.NUS.FCRF,,,,,,51.32901312,88.55244726,374.9543626,3509.17222,3266.331913,
